Dataset ID	Link
1	https://raw.githubusercontent.com/IGARDS/RPLib/master/data/marchmadness/1_lop_card.json
2	https://raw.githubusercontent.com/IGARDS/RPLib/master/data/marchmadness/2_lop_card.json
3	https://raw.githubusercontent.com/IGARDS/RPLib/master/data/marchmadness/3_lop_card.json
4	https://raw.githubusercontent.com/IGARDS/RPLib/master/data/marchmadness/4_lop_card.json
5	https://raw.githubusercontent.com/IGARDS/RPLib/master/data/marchmadness/5_lop_card.json
6	https://raw.githubusercontent.com/IGARDS/RPLib/master/data/marchmadness/6_lop_card.json
7	https://raw.githubusercontent.com/IGARDS/RPLib/master/data/marchmadness/7_lop_card.json
8	https://raw.githubusercontent.com/IGARDS/RPLib/master/data/marchmadness/8_lop_card.json
9	https://raw.githubusercontent.com/IGARDS/RPLib/master/data/marchmadness/9_lop_card.json
10	https://raw.githubusercontent.com/IGARDS/RPLib/master/data/marchmadness/10_lop_card.json
11	https://raw.githubusercontent.com/IGARDS/RPLib/master/data/marchmadness/11_lop_card.json
12	https://raw.githubusercontent.com/IGARDS/RPLib/master/data/marchmadness/12_lop_card.json
13	https://raw.githubusercontent.com/IGARDS/RPLib/master/data/lolib/13_lop_card.json
14	https://raw.githubusercontent.com/IGARDS/RPLib/master/data/lolib/14_lop_card.json